"name","val"
"Josef Martínez",0.694945180549412
"Mauro Manotas",0.60074782770638
"Nemanja Nikolic",0.572629939651109
"Bradley Wright-Phillips",0.545468426828321
"David Villa",0.544163770751036
"Gyasi Zardes",0.489536307608138
"Ola Kamara",0.464269551386077
"Wayne Rooney",0.402204959728791
"Ignacio Piatti",0.393003252156441
"Zlatan Ibrahimovic",0.36644415467052
"Kei Kamara",0.311375138835543
"Carlos Vela",0.311046144726939
